Frame,Phase
0.jpg,0
100.jpg,0
200.jpg,0
300.jpg,0
400.jpg,0
500.jpg,0
600.jpg,0
700.jpg,0
800.jpg,0
900.jpg,1
1000.jpg,1
1100.jpg,1
1200.jpg,1
1300.jpg,1
1400.jpg,1
1500.jpg,1
1600.jpg,1
1700.jpg,1
1800.jpg,1
1900.jpg,1
2000.jpg,1
2100.jpg,1
2200.jpg,1
2300.jpg,1
2400.jpg,1
2500.jpg,1
2600.jpg,1
2700.jpg,1
2800.jpg,1
2900.jpg,1
3000.jpg,1
3100.jpg,1
3200.jpg,1
3300.jpg,1
3400.jpg,1
3500.jpg,1
3600.jpg,1
3700.jpg,1
3800.jpg,1
3900.jpg,1
4000.jpg,1
4100.jpg,1
4200.jpg,1
4300.jpg,1
4400.jpg,1
4500.jpg,1
4600.jpg,1
4700.jpg,1
4800.jpg,1
4900.jpg,1
5000.jpg,1
5100.jpg,1
5200.jpg,1
5300.jpg,1
5400.jpg,1
5500.jpg,1
5600.jpg,1
5700.jpg,1
5800.jpg,1
5900.jpg,1
6000.jpg,1
6100.jpg,1
6200.jpg,1
6300.jpg,1
6400.jpg,1
6500.jpg,1
6600.jpg,1
6700.jpg,1
6800.jpg,1
6900.jpg,1
7000.jpg,1
7100.jpg,1
7200.jpg,1
7300.jpg,1
7400.jpg,1
7500.jpg,1
7600.jpg,1
7700.jpg,1
7800.jpg,1
7900.jpg,1
8000.jpg,1
8100.jpg,1
8200.jpg,1
8300.jpg,1
8400.jpg,1
8500.jpg,1
8600.jpg,1
8700.jpg,1
8800.jpg,1
8900.jpg,1
9000.jpg,1
9100.jpg,1
9200.jpg,1
9300.jpg,1
9400.jpg,1
9500.jpg,1
9600.jpg,1
9700.jpg,1
9800.jpg,1
9900.jpg,1
10000.jpg,1
10100.jpg,1
10200.jpg,1
10300.jpg,1
10400.jpg,1
10500.jpg,1
10600.jpg,1
10700.jpg,1
10800.jpg,1
10900.jpg,1
11000.jpg,1
11100.jpg,1
11200.jpg,1
11300.jpg,1
11400.jpg,1
11500.jpg,1
11600.jpg,1
11700.jpg,1
11800.jpg,1
11900.jpg,1
12000.jpg,1
12100.jpg,1
12200.jpg,1
12300.jpg,1
12400.jpg,1
12500.jpg,1
12600.jpg,1
12700.jpg,1
12800.jpg,1
12900.jpg,1
13000.jpg,1
13100.jpg,1
13200.jpg,1
13300.jpg,1
13400.jpg,1
13500.jpg,1
13600.jpg,1
13700.jpg,1
13800.jpg,1
13900.jpg,1
14000.jpg,1
14100.jpg,1
14200.jpg,1
14300.jpg,1
14400.jpg,1
14500.jpg,1
14600.jpg,1
14700.jpg,1
14800.jpg,1
14900.jpg,1
15000.jpg,1
15100.jpg,1
15200.jpg,1
15300.jpg,1
15400.jpg,1
15500.jpg,1
15600.jpg,1
15700.jpg,1
15800.jpg,1
15900.jpg,1
16000.jpg,1
16100.jpg,1
16200.jpg,1
16300.jpg,1
16400.jpg,1
16500.jpg,1
16600.jpg,1
16700.jpg,1
16800.jpg,1
16900.jpg,1
17000.jpg,1
17100.jpg,1
17200.jpg,1
17300.jpg,1
17400.jpg,1
17500.jpg,1
17600.jpg,1
17700.jpg,1
17800.jpg,1
17900.jpg,1
18000.jpg,1
18100.jpg,1
18200.jpg,1
18300.jpg,1
18400.jpg,1
18500.jpg,1
18600.jpg,1
18700.jpg,1
18800.jpg,1
18900.jpg,1
19000.jpg,1
19100.jpg,1
19200.jpg,1
19300.jpg,1
19400.jpg,1
19500.jpg,1
19600.jpg,1
19700.jpg,1
19800.jpg,1
19900.jpg,1
20000.jpg,1
20100.jpg,1
20200.jpg,1
20300.jpg,1
20400.jpg,1
20500.jpg,1
20600.jpg,1
20700.jpg,1
20800.jpg,1
20900.jpg,1
21000.jpg,1
21100.jpg,1
21200.jpg,1
21300.jpg,1
21400.jpg,1
21500.jpg,1
21600.jpg,1
21700.jpg,1
21800.jpg,1
21900.jpg,1
22000.jpg,1
22100.jpg,1
22200.jpg,1
22300.jpg,1
22400.jpg,1
22500.jpg,1
22600.jpg,1
22700.jpg,1
22800.jpg,1
22900.jpg,1
23000.jpg,1
23100.jpg,1
23200.jpg,1
23300.jpg,1
23400.jpg,1
23500.jpg,1
23600.jpg,1
23700.jpg,1
23800.jpg,1
23900.jpg,1
24000.jpg,1
24100.jpg,1
24200.jpg,1
24300.jpg,1
24400.jpg,1
24500.jpg,1
24600.jpg,1
24700.jpg,1
24800.jpg,1
24900.jpg,1
25000.jpg,1
25100.jpg,1
25200.jpg,1
25300.jpg,1
25400.jpg,1
25500.jpg,1
25600.jpg,1
25700.jpg,1
25800.jpg,1
25900.jpg,1
26000.jpg,1
26100.jpg,1
26200.jpg,1
26300.jpg,1
26400.jpg,1
26500.jpg,1
26600.jpg,1
26700.jpg,1
26800.jpg,1
26900.jpg,1
27000.jpg,1
27100.jpg,1
27200.jpg,1
27300.jpg,1
27400.jpg,1
27500.jpg,1
27600.jpg,1
27700.jpg,1
27800.jpg,1
27900.jpg,1
28000.jpg,1
28100.jpg,1
28200.jpg,1
28300.jpg,1
28400.jpg,1
28500.jpg,1
28600.jpg,1
28700.jpg,1
28800.jpg,1
28900.jpg,1
29000.jpg,1
29100.jpg,1
29200.jpg,1
29300.jpg,1
29400.jpg,1
29500.jpg,1
29600.jpg,1
29700.jpg,1
29800.jpg,1
29900.jpg,1
30000.jpg,1
30100.jpg,1
30200.jpg,1
30300.jpg,1
30400.jpg,1
30500.jpg,1
30600.jpg,1
30700.jpg,1
30800.jpg,1
30900.jpg,1
31000.jpg,1
31100.jpg,1
31200.jpg,1
31300.jpg,1
31400.jpg,1
31500.jpg,1
31600.jpg,1
31700.jpg,1
31800.jpg,1
31900.jpg,1
32000.jpg,1
32100.jpg,1
32200.jpg,1
32300.jpg,1
32400.jpg,1
32500.jpg,1
32600.jpg,1
32700.jpg,1
32800.jpg,1
32900.jpg,1
33000.jpg,1
33100.jpg,1
33200.jpg,1
33300.jpg,1
33400.jpg,1
33500.jpg,1
33600.jpg,1
33700.jpg,1
33800.jpg,1
33900.jpg,1
34000.jpg,1
34100.jpg,1
34200.jpg,1
34300.jpg,1
34400.jpg,1
34500.jpg,1
34600.jpg,1
34700.jpg,1
34800.jpg,1
34900.jpg,1
35000.jpg,1
35100.jpg,1
35200.jpg,1
35300.jpg,1
35400.jpg,1
35500.jpg,1
35600.jpg,1
35700.jpg,1
35800.jpg,1
35900.jpg,1
36000.jpg,1
36100.jpg,1
36200.jpg,1
36300.jpg,1
36400.jpg,1
36500.jpg,1
36600.jpg,1
36700.jpg,1
36800.jpg,1
36900.jpg,1
37000.jpg,1
37100.jpg,1
37200.jpg,1
37300.jpg,1
37400.jpg,1
37500.jpg,1
37600.jpg,1
37700.jpg,1
37800.jpg,1
37900.jpg,1
38000.jpg,1
38100.jpg,1
38200.jpg,1
38300.jpg,1
38400.jpg,1
38500.jpg,1
38600.jpg,1
38700.jpg,1
38800.jpg,1
38900.jpg,1
39000.jpg,1
39100.jpg,1
39200.jpg,1
39300.jpg,1
39400.jpg,1
39500.jpg,1
39600.jpg,1
39700.jpg,1
39800.jpg,1
39900.jpg,1
40000.jpg,1
40100.jpg,1
40200.jpg,1
40300.jpg,1
40400.jpg,1
40500.jpg,1
40600.jpg,1
40700.jpg,1
40800.jpg,1
40900.jpg,1
41000.jpg,1
41100.jpg,1
41200.jpg,1
41300.jpg,1
41400.jpg,1
41500.jpg,1
41600.jpg,1
41700.jpg,1
41800.jpg,1
41900.jpg,1
42000.jpg,1
42100.jpg,1
42200.jpg,1
42300.jpg,1
42400.jpg,1
42500.jpg,1
42600.jpg,1
42700.jpg,1
42800.jpg,1
42900.jpg,1
43000.jpg,1
43100.jpg,1
43200.jpg,1
43300.jpg,1
43400.jpg,1
43500.jpg,1
43600.jpg,1
43700.jpg,1
43800.jpg,1
43900.jpg,1
44000.jpg,1
44100.jpg,1
44200.jpg,1
44300.jpg,1
44400.jpg,1
44500.jpg,1
44600.jpg,1
44700.jpg,1
44800.jpg,1
44900.jpg,1
45000.jpg,1
45100.jpg,1
45200.jpg,1
45300.jpg,1
45400.jpg,1
45500.jpg,1
45600.jpg,1
45700.jpg,1
45800.jpg,1
45900.jpg,1
46000.jpg,1
46100.jpg,1
46200.jpg,1
46300.jpg,1
46400.jpg,1
46500.jpg,1
46600.jpg,1
46700.jpg,1
46800.jpg,1
46900.jpg,1
47000.jpg,1
47100.jpg,1
47200.jpg,1
47300.jpg,1
47400.jpg,1
47500.jpg,1
47600.jpg,1
47700.jpg,1
47800.jpg,1
47900.jpg,1
48000.jpg,1
48100.jpg,1
48200.jpg,1
48300.jpg,1
48400.jpg,1
48500.jpg,1
48600.jpg,1
48700.jpg,1
48800.jpg,1
48900.jpg,1
49000.jpg,1
49100.jpg,1
49200.jpg,1
49300.jpg,1
49400.jpg,1
49500.jpg,1
49600.jpg,1
49700.jpg,1
49800.jpg,1
49900.jpg,1
50000.jpg,1
50100.jpg,1
50200.jpg,1
50300.jpg,1
50400.jpg,1
50500.jpg,1
50600.jpg,1
50700.jpg,1
50800.jpg,1
50900.jpg,1
51000.jpg,1
51100.jpg,1
51200.jpg,1
51300.jpg,1
51400.jpg,1
51500.jpg,1
51600.jpg,1
51700.jpg,1
51800.jpg,1
51900.jpg,1
52000.jpg,1
52100.jpg,1
52200.jpg,1
52300.jpg,1
52400.jpg,1
52500.jpg,1
52600.jpg,1
52700.jpg,1
52800.jpg,1
52900.jpg,1
53000.jpg,1
53100.jpg,1
53200.jpg,1
53300.jpg,1
53400.jpg,1
53500.jpg,1
53600.jpg,1
53700.jpg,1
53800.jpg,1
53900.jpg,1
54000.jpg,1
54100.jpg,1
54200.jpg,1
54300.jpg,1
54400.jpg,1
54500.jpg,1
54600.jpg,1
54700.jpg,1
54800.jpg,1
54900.jpg,1
55000.jpg,1
55100.jpg,1
55200.jpg,1
55300.jpg,1
55400.jpg,1
55500.jpg,1
55600.jpg,1
55700.jpg,1
55800.jpg,1
55900.jpg,1
56000.jpg,1
56100.jpg,1
56200.jpg,1
56300.jpg,1
56400.jpg,1
56500.jpg,1
56600.jpg,1
56700.jpg,1
56800.jpg,1
56900.jpg,1
57000.jpg,1
57100.jpg,1
57200.jpg,1
57300.jpg,1
57400.jpg,1
57500.jpg,1
57600.jpg,1
57700.jpg,1
57800.jpg,1
57900.jpg,1
58000.jpg,1
58100.jpg,1
58200.jpg,1
58300.jpg,1
58400.jpg,1
58500.jpg,1
58600.jpg,1
58700.jpg,1
58800.jpg,1
58900.jpg,1
59000.jpg,1
59100.jpg,1
59200.jpg,1
59300.jpg,1
59400.jpg,1
59500.jpg,1
59600.jpg,1
59700.jpg,1
59800.jpg,1
59900.jpg,1
60000.jpg,1
60100.jpg,1
60200.jpg,1
60300.jpg,1
60400.jpg,1
60500.jpg,1
60600.jpg,1
60700.jpg,1
60800.jpg,1
60900.jpg,1
61000.jpg,1
61100.jpg,1
61200.jpg,1
61300.jpg,1
61400.jpg,1
61500.jpg,1
61600.jpg,1
61700.jpg,1
61800.jpg,1
61900.jpg,1
62000.jpg,1
62100.jpg,1
62200.jpg,1
62300.jpg,1
62400.jpg,1
62500.jpg,1
62600.jpg,1
62700.jpg,1
62800.jpg,1
62900.jpg,1
63000.jpg,1
63100.jpg,1
63200.jpg,1
63300.jpg,1
63400.jpg,1
63500.jpg,1
63600.jpg,1
63700.jpg,1
63800.jpg,1
63900.jpg,1
64000.jpg,1
64100.jpg,1
64200.jpg,1
64300.jpg,1
64400.jpg,1
64500.jpg,1
64600.jpg,1
64700.jpg,1
64800.jpg,1
64900.jpg,1
65000.jpg,1
65100.jpg,1
65200.jpg,1
65300.jpg,1
65400.jpg,1
65500.jpg,1
65600.jpg,1
65700.jpg,1
65800.jpg,1
65900.jpg,1
66000.jpg,1
66100.jpg,1
66200.jpg,1
66300.jpg,1
66400.jpg,1
66500.jpg,1
66600.jpg,1
66700.jpg,1
66800.jpg,1
66900.jpg,1
67000.jpg,1
67100.jpg,1
67200.jpg,1
67300.jpg,1
67400.jpg,1
67500.jpg,1
67600.jpg,1
67700.jpg,1
67800.jpg,1
67900.jpg,1
68000.jpg,1
68100.jpg,1
68200.jpg,1
68300.jpg,1
68400.jpg,1
68500.jpg,1
68600.jpg,1
68700.jpg,1
68800.jpg,1
68900.jpg,1
69000.jpg,1
69100.jpg,1
69200.jpg,1
69300.jpg,1
69400.jpg,1
69500.jpg,1
69600.jpg,1
69700.jpg,1
69800.jpg,1
69900.jpg,1
70000.jpg,1
70100.jpg,1
70200.jpg,1
70300.jpg,1
70400.jpg,1
70500.jpg,1
70600.jpg,1
70700.jpg,1
70800.jpg,1
70900.jpg,1
71000.jpg,1
71100.jpg,1
71200.jpg,1
71300.jpg,1
71400.jpg,1
71500.jpg,1
71600.jpg,1
71700.jpg,1
71800.jpg,1
71900.jpg,1
72000.jpg,1
72100.jpg,1
72200.jpg,1
72300.jpg,1
72400.jpg,1
72500.jpg,1
72600.jpg,1
72700.jpg,1
72800.jpg,1
72900.jpg,1
73000.jpg,1
73100.jpg,1
73200.jpg,1
73300.jpg,1
73400.jpg,1
73500.jpg,1
73600.jpg,1
73700.jpg,1
73800.jpg,1
73900.jpg,1
74000.jpg,1
74100.jpg,1
74200.jpg,1
74300.jpg,1
74400.jpg,1
74500.jpg,1
74600.jpg,1
74700.jpg,1
74800.jpg,1
74900.jpg,1
75000.jpg,1
75100.jpg,1
75200.jpg,1
75300.jpg,1
75400.jpg,1
75500.jpg,1
75600.jpg,1
75700.jpg,1
75800.jpg,1
75900.jpg,1
76000.jpg,1
76100.jpg,1
76200.jpg,1
76300.jpg,1
76400.jpg,1
76500.jpg,1
76600.jpg,1
76700.jpg,1
76800.jpg,1
76900.jpg,1
77000.jpg,1
77100.jpg,1
77200.jpg,1
77300.jpg,1
77400.jpg,1
77500.jpg,1
77600.jpg,1
77700.jpg,1
77800.jpg,1
77900.jpg,1
78000.jpg,1
78100.jpg,1
78200.jpg,1
78300.jpg,1
78400.jpg,1
78500.jpg,1
78600.jpg,1
78700.jpg,1
78800.jpg,1
78900.jpg,1
79000.jpg,1
79100.jpg,1
79200.jpg,1
79300.jpg,1
79400.jpg,1
79500.jpg,1
79600.jpg,1
79700.jpg,1
79800.jpg,1
79900.jpg,1
80000.jpg,1
80100.jpg,1
80200.jpg,1
80300.jpg,1
80400.jpg,1
80500.jpg,1
80600.jpg,1
80700.jpg,1
80800.jpg,1
80900.jpg,1
81000.jpg,1
81100.jpg,1
81200.jpg,1
81300.jpg,1
81400.jpg,1
81500.jpg,1
81600.jpg,1
81700.jpg,1
81800.jpg,1
81900.jpg,1
82000.jpg,1
82100.jpg,1
82200.jpg,1
82300.jpg,1
82400.jpg,1
82500.jpg,1
82600.jpg,1
82700.jpg,1
82800.jpg,1
82900.jpg,1
83000.jpg,1
83100.jpg,1
83200.jpg,1
83300.jpg,1
83400.jpg,1
83500.jpg,1
83600.jpg,1
83700.jpg,1
83800.jpg,1
83900.jpg,1
84000.jpg,1
84100.jpg,1
84200.jpg,1
84300.jpg,1
84400.jpg,1
84500.jpg,1
84600.jpg,1
84700.jpg,1
84800.jpg,1
84900.jpg,1
85000.jpg,1
85100.jpg,1
85200.jpg,1
85300.jpg,1
85400.jpg,1
85500.jpg,1
85600.jpg,1
85700.jpg,1
85800.jpg,1
85900.jpg,1
86000.jpg,1
86100.jpg,1
86200.jpg,1
86300.jpg,1
86400.jpg,1
86500.jpg,1
86600.jpg,1
86700.jpg,1
86800.jpg,1
86900.jpg,1
87000.jpg,1
87100.jpg,1
87200.jpg,1
87300.jpg,1
87400.jpg,1
87500.jpg,1
87600.jpg,1
87700.jpg,1
87800.jpg,1
87900.jpg,1
88000.jpg,1
88100.jpg,1
88200.jpg,1
88300.jpg,1
88400.jpg,1
88500.jpg,1
88600.jpg,1
88700.jpg,1
88800.jpg,1
88900.jpg,1
89000.jpg,1
89100.jpg,1
89200.jpg,1
89300.jpg,1
89400.jpg,1
89500.jpg,1
89600.jpg,1
89700.jpg,1
89800.jpg,1
89900.jpg,1
90000.jpg,1
90100.jpg,1
90200.jpg,1
90300.jpg,1
90400.jpg,1
90500.jpg,1
90600.jpg,1
90700.jpg,1
90800.jpg,1
90900.jpg,1
91000.jpg,1
91100.jpg,1
91200.jpg,1
91300.jpg,1
91400.jpg,1
91500.jpg,1
91600.jpg,1
91700.jpg,1
91800.jpg,1
91900.jpg,1
92000.jpg,1
92100.jpg,1
92200.jpg,1
92300.jpg,1
92400.jpg,1
92500.jpg,1
92600.jpg,1
92700.jpg,1
92800.jpg,1
92900.jpg,1
93000.jpg,1
93100.jpg,1
93200.jpg,1
93300.jpg,1
93400.jpg,1
93500.jpg,1
93600.jpg,1
93700.jpg,1
93800.jpg,1
93900.jpg,1
94000.jpg,1
94100.jpg,1
94200.jpg,1
94300.jpg,1
94400.jpg,1
94500.jpg,1
94600.jpg,1
94700.jpg,1
94800.jpg,1
94900.jpg,1
95000.jpg,1
95100.jpg,1
95200.jpg,1
95300.jpg,1
95400.jpg,1
95500.jpg,1
95600.jpg,1
95700.jpg,1
95800.jpg,1
95900.jpg,1
96000.jpg,1
96100.jpg,1
96200.jpg,1
96300.jpg,1
96400.jpg,1
96500.jpg,1
96600.jpg,1
96700.jpg,1
96800.jpg,1
96900.jpg,1
97000.jpg,1
97100.jpg,1
97200.jpg,1
97300.jpg,1
97400.jpg,1
97500.jpg,1
97600.jpg,1
97700.jpg,1
97800.jpg,1
97900.jpg,1
98000.jpg,1
98100.jpg,1
98200.jpg,1
98300.jpg,1
98400.jpg,1
98500.jpg,1
98600.jpg,1
98700.jpg,1
98800.jpg,1
98900.jpg,1
99000.jpg,1
99100.jpg,1
99200.jpg,1
99300.jpg,1
99400.jpg,1
99500.jpg,1
99600.jpg,1
99700.jpg,1
99800.jpg,1
99900.jpg,1
100000.jpg,1
100100.jpg,1
100200.jpg,1
100300.jpg,1
100400.jpg,1
100500.jpg,1
100600.jpg,1
100700.jpg,1
100800.jpg,1
100900.jpg,1
101000.jpg,1
101100.jpg,1
101200.jpg,1
101300.jpg,1
101400.jpg,1
101500.jpg,1
101600.jpg,1
101700.jpg,1
101800.jpg,1
101900.jpg,1
102000.jpg,1
102100.jpg,1
102200.jpg,1
102300.jpg,1
102400.jpg,1
102500.jpg,1
102600.jpg,1
102700.jpg,1
102800.jpg,1
102900.jpg,1
103000.jpg,1
103100.jpg,1
103200.jpg,1
103300.jpg,1
103400.jpg,1
103500.jpg,1
103600.jpg,1
103700.jpg,1
103800.jpg,1
103900.jpg,1
104000.jpg,1
104100.jpg,1
104200.jpg,1
104300.jpg,1
104400.jpg,1
104500.jpg,1
104600.jpg,1
104700.jpg,1
104800.jpg,1
104900.jpg,1
105000.jpg,1
105100.jpg,1
105200.jpg,1
105300.jpg,1
105400.jpg,1
105500.jpg,1
105600.jpg,1
105700.jpg,1
105800.jpg,1
105900.jpg,1
106000.jpg,1
106100.jpg,1
106200.jpg,1
106300.jpg,1
106400.jpg,1
106500.jpg,1
106600.jpg,1
106700.jpg,1
106800.jpg,1
106900.jpg,1
107000.jpg,1
107100.jpg,1
107200.jpg,1
107300.jpg,1
107400.jpg,1
107500.jpg,1
107600.jpg,1
107700.jpg,1
107800.jpg,1
107900.jpg,1
108000.jpg,1
108100.jpg,1
108200.jpg,1
108300.jpg,1
108400.jpg,1
108500.jpg,1
108600.jpg,1
108700.jpg,1
108800.jpg,1
108900.jpg,1
109000.jpg,1
109100.jpg,1
109200.jpg,1
109300.jpg,1
109400.jpg,1
109500.jpg,1
109600.jpg,1
109700.jpg,1
109800.jpg,1
109900.jpg,1
110000.jpg,1
110100.jpg,1
110200.jpg,1
110300.jpg,1
110400.jpg,1
110500.jpg,1
110600.jpg,1
110700.jpg,1
110800.jpg,1
110900.jpg,1
111000.jpg,1
111100.jpg,1
111200.jpg,2
111300.jpg,2
111400.jpg,2
111500.jpg,2
111600.jpg,2
111700.jpg,2
111800.jpg,2
111900.jpg,2
112000.jpg,2
112100.jpg,2
112200.jpg,2
112300.jpg,2
112400.jpg,2
112500.jpg,2
112600.jpg,2
112700.jpg,2
112800.jpg,2
112900.jpg,2
113000.jpg,2
113100.jpg,2
113200.jpg,2
113300.jpg,2
113400.jpg,2
113500.jpg,2
113600.jpg,2
113700.jpg,2
113800.jpg,2
113900.jpg,2
114000.jpg,2
114100.jpg,2
114200.jpg,2
114300.jpg,2
114400.jpg,3
114500.jpg,3
114600.jpg,3
114700.jpg,3
114800.jpg,3
114900.jpg,3
115000.jpg,3
115100.jpg,3
115200.jpg,3
115300.jpg,3
115400.jpg,3
115500.jpg,3
115600.jpg,3
115700.jpg,3
115800.jpg,3
115900.jpg,3
116000.jpg,3
116100.jpg,3
116200.jpg,3
116300.jpg,3
116400.jpg,3
116500.jpg,3
116600.jpg,3
116700.jpg,3
116800.jpg,3
116900.jpg,3
117000.jpg,3
117100.jpg,3
117200.jpg,3
117300.jpg,3
117400.jpg,3
117500.jpg,3
117600.jpg,3
117700.jpg,3
117800.jpg,3
117900.jpg,3
118000.jpg,3
118100.jpg,3
118200.jpg,3
118300.jpg,3
118400.jpg,3
118500.jpg,3
118600.jpg,3
118700.jpg,3
118800.jpg,3
118900.jpg,3
119000.jpg,3
119100.jpg,3
119200.jpg,3
119300.jpg,3
119400.jpg,3
119500.jpg,3
119600.jpg,3
119700.jpg,3
119800.jpg,3
119900.jpg,3
120000.jpg,3
120100.jpg,3
120200.jpg,3
120300.jpg,3
120400.jpg,3
120500.jpg,3
120600.jpg,3
120700.jpg,3
120800.jpg,3
120900.jpg,3
121000.jpg,3
121100.jpg,3
121200.jpg,3
121300.jpg,3
121400.jpg,3
121500.jpg,3
121600.jpg,3
121700.jpg,3
121800.jpg,3
121900.jpg,3
122000.jpg,3
122100.jpg,3
122200.jpg,3
122300.jpg,3
122400.jpg,3
122500.jpg,3
122600.jpg,3
122700.jpg,3
122800.jpg,3
122900.jpg,3
123000.jpg,3
123100.jpg,3
123200.jpg,3
123300.jpg,3
123400.jpg,3
123500.jpg,3
123600.jpg,3
123700.jpg,3
123800.jpg,3
123900.jpg,3
124000.jpg,3
124100.jpg,3
124200.jpg,3
124300.jpg,3
124400.jpg,3
124500.jpg,3
124600.jpg,3
124700.jpg,3
124800.jpg,3
124900.jpg,3
125000.jpg,3
125100.jpg,3
125200.jpg,3
125300.jpg,3
125400.jpg,3
125500.jpg,3
125600.jpg,3
125700.jpg,3
125800.jpg,3
125900.jpg,3
126000.jpg,3
126100.jpg,3
126200.jpg,3
126300.jpg,3
126400.jpg,3
126500.jpg,3
126600.jpg,3
126700.jpg,3
126800.jpg,3
126900.jpg,3
127000.jpg,3
127100.jpg,3
127200.jpg,3
127300.jpg,3
127400.jpg,4
127500.jpg,4
127600.jpg,4
127700.jpg,4
127800.jpg,4
127900.jpg,4
128000.jpg,4
128100.jpg,4
128200.jpg,4
128300.jpg,4
128400.jpg,4
128500.jpg,4
128600.jpg,4
128700.jpg,4
128800.jpg,4
128900.jpg,4
129000.jpg,4
129100.jpg,4
129200.jpg,4
129300.jpg,4
129400.jpg,5
129500.jpg,5
129600.jpg,5
129700.jpg,5
129800.jpg,5
129900.jpg,5
130000.jpg,5
130100.jpg,5
130200.jpg,5
130300.jpg,5
130400.jpg,5
130500.jpg,5
130600.jpg,5
130700.jpg,5
130800.jpg,5
130900.jpg,5
131000.jpg,5
131100.jpg,5
131200.jpg,5
131300.jpg,5
131400.jpg,5
131500.jpg,5
131600.jpg,5
131700.jpg,5
131800.jpg,5
131900.jpg,5
132000.jpg,5
132100.jpg,5
132200.jpg,5
132300.jpg,5
132400.jpg,5
132500.jpg,5
132600.jpg,5
132700.jpg,5
132800.jpg,5
132900.jpg,5
133000.jpg,5
133100.jpg,5
133200.jpg,5
133300.jpg,5
133400.jpg,5
133500.jpg,5
133600.jpg,5
133700.jpg,5
133800.jpg,5
133900.jpg,5
134000.jpg,5
134100.jpg,5
134200.jpg,5
134300.jpg,5
134400.jpg,5
134500.jpg,5
134600.jpg,5
134700.jpg,5
134800.jpg,5
134900.jpg,5
135000.jpg,5
135100.jpg,5
135200.jpg,5
135300.jpg,5
135400.jpg,5
135500.jpg,5
135600.jpg,5
135700.jpg,5
135800.jpg,5
135900.jpg,5
136000.jpg,5
136100.jpg,5
136200.jpg,5
136300.jpg,5
136400.jpg,5
136500.jpg,5
136600.jpg,5
136700.jpg,5
136800.jpg,5
136900.jpg,5
137000.jpg,5
137100.jpg,5
137200.jpg,5
137300.jpg,5
137400.jpg,5
137500.jpg,5
137600.jpg,5
137700.jpg,5
137800.jpg,5
137900.jpg,5
138000.jpg,5
138100.jpg,5
138200.jpg,5
138300.jpg,5
138400.jpg,5
138500.jpg,5
138600.jpg,5
138700.jpg,5
138800.jpg,5
138900.jpg,5
139000.jpg,5
139100.jpg,5
139200.jpg,5
139300.jpg,5
139400.jpg,5
139500.jpg,5
139600.jpg,5
139700.jpg,5
139800.jpg,5
139900.jpg,5
140000.jpg,5
140100.jpg,5
140200.jpg,5
140300.jpg,5
140400.jpg,5
140500.jpg,5
140600.jpg,5
140700.jpg,5
140800.jpg,5
140900.jpg,5
141000.jpg,5
141100.jpg,5
141200.jpg,5
141300.jpg,5
141400.jpg,5
141500.jpg,5
141600.jpg,5
141700.jpg,5
141800.jpg,5
141900.jpg,5
142000.jpg,5
142100.jpg,5
142200.jpg,5
142300.jpg,5
142400.jpg,5
142500.jpg,5
142600.jpg,5
142700.jpg,5
142800.jpg,5
142900.jpg,5
143000.jpg,5
143100.jpg,5
143200.jpg,5
143300.jpg,6
143400.jpg,6
143500.jpg,6
143600.jpg,6
143700.jpg,6
143800.jpg,6
143900.jpg,6
144000.jpg,6
144100.jpg,6
144200.jpg,6
144300.jpg,6
144400.jpg,6
144500.jpg,6
144600.jpg,6
144700.jpg,6
144800.jpg,6
144900.jpg,6
145000.jpg,6
145100.jpg,6
145200.jpg,6
145300.jpg,6
145400.jpg,6
145500.jpg,6
145600.jpg,6
145700.jpg,6
